#
#  MDEV-10569: RELEASE_ALL_LOCKS function to release all named locks
#
DROP Table if exists t1,t2;
CREATE Table t1(lock_name varchar(15) default NULL);
CREATE Table t2(lock_name varchar(15) default NULL);
#
# Test function without any locks
SELECT RELEASE_ALL_LOCKS();
RELEASE_ALL_LOCKS()
0
# Test function with one lock only
SELECT GET_LOCK ('l1',10);
GET_LOCK ('l1',10)
1
SELECT * from information_schema.metadata_lock_info;
THREAD_ID	LOCK_MODE	LOCK_DURATION	LOCK_TYPE	TABLE_SCHEMA	TABLE_NAME
4	MDL_SHARED_NO_WRITE	NULL	User lock	l1	
SELECT RELEASE_ALL_LOCKS();
RELEASE_ALL_LOCKS()
1
SELECT * from information_schema.metadata_lock_info;
THREAD_ID	LOCK_MODE	LOCK_DURATION	LOCK_TYPE	TABLE_SCHEMA	TABLE_NAME
# Test function with multipule locks
INSERT Into t1 Values ('l1'),('l2'),('l3'),('l4'),('l5'),('l6'),('l7'),('l8'),('l9'),('l10'),('l11'),('l12'),('l13'),('l14'),('l15');
SELECT GET_LOCK(t1.lock_name,10) FROM t1;
GET_LOCK(t1.lock_name,10)
1
1
1
1
1
1
1
1
1
1
1
1
1
1
1
SELECT * from information_schema.metadata_lock_info;
THREAD_ID	LOCK_MODE	LOCK_DURATION	LOCK_TYPE	TABLE_SCHEMA	TABLE_NAME
4	MDL_SHARED_NO_WRITE	NULL	User lock	l13	
4	MDL_SHARED_NO_WRITE	NULL	User lock	l11	
4	MDL_SHARED_NO_WRITE	NULL	User lock	l15	
4	MDL_SHARED_NO_WRITE	NULL	User lock	l1	
4	MDL_SHARED_NO_WRITE	NULL	User lock	l9	
4	MDL_SHARED_NO_WRITE	NULL	User lock	l10	
4	MDL_SHARED_NO_WRITE	NULL	User lock	l5	
4	MDL_SHARED_NO_WRITE	NULL	User lock	l7	
4	MDL_SHARED_NO_WRITE	NULL	User lock	l3	
4	MDL_SHARED_NO_WRITE	NULL	User lock	l8	
4	MDL_SHARED_NO_WRITE	NULL	User lock	l4	
4	MDL_SHARED_NO_WRITE	NULL	User lock	l6	
4	MDL_SHARED_NO_WRITE	NULL	User lock	l14	
4	MDL_SHARED_NO_WRITE	NULL	User lock	l2	
4	MDL_SHARED_NO_WRITE	NULL	User lock	l12	
SELECT RELEASE_ALL_LOCKS();
RELEASE_ALL_LOCKS()
15
SELECT * from information_schema.metadata_lock_info;
THREAD_ID	LOCK_MODE	LOCK_DURATION	LOCK_TYPE	TABLE_SCHEMA	TABLE_NAME
# Test function with recursive locks
REPLACE Into t2 Values ('l1'),('l2'),('l2'),('l3'),('l3'),('l3'),('l4'),('l4'),('l4'),('l4'),('l5'),('l5'),('l5'),('l5'),('l5');
SELECT GET_LOCK(t2.lock_name,10) FROM t2;
GET_LOCK(t2.lock_name,10)
1
1
1
1
1
1
1
1
1
1
1
1
1
1
1
SELECT * from information_schema.metadata_lock_info;
THREAD_ID	LOCK_MODE	LOCK_DURATION	LOCK_TYPE	TABLE_SCHEMA	TABLE_NAME
4	MDL_SHARED_NO_WRITE	NULL	User lock	l1	
4	MDL_SHARED_NO_WRITE	NULL	User lock	l5	
4	MDL_SHARED_NO_WRITE	NULL	User lock	l3	
4	MDL_SHARED_NO_WRITE	NULL	User lock	l4	
4	MDL_SHARED_NO_WRITE	NULL	User lock	l2	
SELECT RELEASE_ALL_LOCKS();
RELEASE_ALL_LOCKS()
15
SELECT * from information_schema.metadata_lock_info;
THREAD_ID	LOCK_MODE	LOCK_DURATION	LOCK_TYPE	TABLE_SCHEMA	TABLE_NAME
DROP Table t1,t2;
set sql_mode="";
CREATE SERVER s1 FOREIGN DATA WRAPPER mysql OPTIONS(HOST 'localhost');
SELECT * FROM mysql.servers;
Server_name	Host	Db	Username	Password	Port	Socket	Wrapper	Owner
s1	localhost				3306		mysql	
DROP SERVER s1;
